"image","xmin","ymin","xmax","ymax","label"
"test5.png",730.610655737705,162.67714056776558,782.0778688524591,234.17897206959708,"Speed limit"
"test3.png",736.744262295082,202.6315346189591,791.6081967213115,269.65755692379184,"Speed limit"
"test2.png",753.5393442622951,168.95988805970148,833.0360655737705,268.58675373134326,"Speed limit"
"test4.png",872.8524590163935,114.40724815724816,1219.8688524590164,489.4441031941032,"Speed limit"
"test1.png",1662.4918032786884,215.242628992629,1951.0819672131147,586.7414004914004,"Speed limit"